<?xml version="1.0" encoding="UTF-8"?>
    <addon id="repository.Cyber.Installer" name="Cyber Repository Installer" version="1.0.0" provider-name="Parrot Developers">
        <requires>
            <import addon="xbmc.addon" version="12.0.0"/>
        </requires>
        <extension point="xbmc.addon.repository" name="Cyber Repository">
            <info compressed="false">https://parrotdevelopers.github.io/Cyber-Repository/Installer/addons.xml</info>
            <checksum>https://parrotdevelopers.github.io/Cyber-Repository/Installer/addons.xml.md5</checksum>
            <datadir zip="true">https://parrotdevelopers.github.io/Cyber-Repository/Installer/</datadir>
            <hashes>false</hashes>
           
		

        </extension>
        <extension point="xbmc.addon.metadata">
            <summary>Installer For Parrot Repository</summary>
            <description>Installer For Parrot Repository</description>
            <platform>all</platform>
    </extension>

    <assets>
              <icon>icon.png</icon>
        <fanart>fanart.jpg</fanart>
    </assets>
</addon>